{
  "description": "\nExperiment 01: Single-parameter QFI scaling for several probe states.\n\nFor SU(2) Mach-Zehnder metrology with the in-between state \u03c7:\n    F(\u03b8) = 4 Var_\u03c7(Jx)    (reflectivity QFI)\n    F(\u03c6) = 4 Var_\u03c7(Jz)    (phase QFI)\n\nHeisenberg limit: F = N\u00b2. SQL: F = N.\n\nThis experiment scans probes in {sine, NOON, twin Fock, equator coherent} for\nN \u2208 [4, 60] and reports the asymptotic prefactor F/N\u00b2.\n",
  "rows": [
    {
      "probe": "sine (Berry-Wiseman)",
      "F_theta_slope": 2.116485529996389,
      "F_phi_slope": 1.7773302467141614,
      "F_theta_over_N2_at_max": 0.009583242927425822,
      "F_phi_over_N2_at_max": 0.1395488141704103,
      "Ns": [
        4,
        6,
        8,
        10,
        12,
        14,
        16,
        18,
        20,
        22,
        24,
        26,
        28,
        30,
        32,
        34,
        36,
        38,
        40,
        42,
        44,
        46,
        48,
        50,
        52,
        54,
        56,
        58,
        60
      ],
      "F_theta": [
        0.06734700962243423,
        0.28013373782906115,
        0.6050078370923941,
        1.0201616417563315,
        1.5153230809166018,
        2.085545154825894,
        2.728308410731529,
        3.4422595779549283,
        4.2266384911868045,
        5.081002436677068,
        6.005086189664439,
        6.998727470749486,
        8.061825568376321,
        9.19431753933452,
        10.396164094730466,
        11.667341006984316,
        13.007833758903416,
        14.417634146837827,
        15.89673808886937,
        17.44514419121151,
        19.062852800156634,
        20.749865369832378,
        22.50618403810222,
        24.331811341291086,
        26.22675002237156,
        28.191002902610762,
        30.224572796542816,
        32.327462456692956,
        34.49967453873296
      ],
      "F_phi": [
        4.666666666666666,
        8.34314575050762,
        13.05572809000084,
        18.81026020611565,
        25.608661283821554,
        33.451715261823644,
        42.33979171161395,
        52.273083621877205,
        63.25169984258356,
        75.27570558470458,
        88.34514186079252,
        102.46003551805772,
        117.6204047311182,
        133.82626216036513,
        151.0776168450245,
        169.3744753789469,
        188.71684266380512,
        209.10472240482304,
        230.53811744494624,
        253.01702999495694,
        276.54146179498724,
        301.111414229854,
        326.7268884127099,
        353.3878852465849,
        381.0944054702547,
        409.8464496928348,
        439.6440184201647,
        470.4871120751315,
        502.3757310134771
      ]
    },
    {
      "probe": "NOON",
      "F_theta_slope": 0.9999999999999994,
      "F_phi_slope": 1.999999999999999,
      "F_theta_over_N2_at_max": 0.016666666666666666,
      "F_phi_over_N2_at_max": 0.9999999999999998,
      "Ns": [
        4,
        6,
        8,
        10,
        12,
        14,
        16,
        18,
        20,
        22,
        24,
        26,
        28,
        30,
        32,
        34,
        36,
        38,
        40,
        42,
        44,
        46,
        48,
        50,
        52,
        54,
        56,
        58,
        60
      ],
      "F_theta": [
        3.999999999999999,
        5.999999999999997,
        8.0,
        10.0,
        11.999999999999995,
        13.999999999999996,
        15.999999999999996,
        17.999999999999993,
        20.0,
        21.999999999999996,
        23.99999999999999,
        25.999999999999993,
        27.999999999999996,
        29.999999999999993,
        32.0,
        33.99999999999999,
        35.99999999999999,
        37.999999999999986,
        40.0,
        41.99999999999999,
        43.99999999999999,
        45.99999999999999,
        47.99999999999998,
        50.0,
        51.999999999999986,
        53.999999999999986,
        55.999999999999986,
        58.0,
        60.0
      ],
      "F_phi": [
        15.999999999999996,
        35.99999999999999,
        63.999999999999986,
        99.99999999999997,
        143.99999999999997,
        195.99999999999997,
        255.99999999999994,
        323.99999999999994,
        399.9999999999999,
        483.99999999999994,
        575.9999999999999,
        675.9999999999999,
        783.9999999999999,
        899.9999999999998,
        1023.9999999999998,
        1155.9999999999998,
        1295.9999999999998,
        1443.9999999999998,
        1599.9999999999995,
        1763.9999999999995,
        1935.9999999999998,
        2115.9999999999995,
        2303.9999999999995,
        2499.9999999999995,
        2703.9999999999995,
        2915.9999999999995,
        3135.9999999999995,
        3363.999999999999,
        3599.999999999999
      ]
    },
    {
      "probe": "twin Fock",
      "F_theta_slope": 1.8879398713331084,
      "F_phi_slope": NaN,
      "F_theta_over_N2_at_max": 0.5166666666666667,
      "F_phi_over_N2_at_max": 0.0,
      "Ns": [
        4,
        6,
        8,
        10,
        12,
        14,
        16,
        18,
        20,
        22,
        24,
        26,
        28,
        30,
        32,
        34,
        36,
        38,
        40,
        42,
        44,
        46,
        48,
        50,
        52,
        54,
        56,
        58,
        60
      ],
      "F_theta": [
        11.999999999999998,
        23.999999999999996,
        40.00000000000001,
        60.0,
        84.0,
        112.0,
        143.99999999999997,
        180.0,
        220.0,
        264.0,
        312.0,
        364.0,
        419.99999999999994,
        480.00000000000006,
        544.0,
        611.9999999999999,
        684.0,
        759.9999999999999,
        839.9999999999999,
        924.0,
        1012.0,
        1104.0,
        1200.0,
        1300.0,
        1404.0,
        1512.0,
        1623.9999999999998,
        1739.9999999999998,
        1860.0
      ],
      "F_phi": [
        0.0,
        0.0,
        0.0,
        0.0,
        0.0,
        0.0,
        0.0,
        0.0,
        0.0,
        0.0,
        0.0,
        0.0,
        0.0,
        0.0,
        0.0,
        0.0,
        0.0,
        0.0,
        0.0,
        0.0,
        0.0,
        0.0,
        0.0,
        0.0,
        0.0,
        0.0,
        0.0,
        0.0,
        0.0
      ]
    },
    {
      "probe": "equator coherent",
      "F_theta_slope": NaN,
      "F_phi_slope": 0.9999999999999994,
      "F_theta_over_N2_at_max": -5.052748343182935e-16,
      "F_phi_over_N2_at_max": 0.01666666666666667,
      "Ns": [
        4,
        6,
        8,
        10,
        12,
        14,
        16,
        18,
        20,
        22,
        24,
        26,
        28,
        30,
        32,
        34,
        36,
        38,
        40,
        42,
        44,
        46,
        48,
        50,
        52,
        54,
        56,
        58,
        60
      ],
      "F_theta": [
        1.7763568394002505e-15,
        0.0,
        -2.842170943040401e-14,
        -4.263256414560601e-14,
        -2.842170943040401e-14,
        2.842170943040401e-14,
        0.0,
        0.0,
        -1.1368683772161603e-13,
        -1.1368683772161603e-13,
        1.1368683772161603e-13,
        -1.1368683772161603e-13,
        -1.1368683772161603e-13,
        -2.2737367544323206e-13,
        -4.547473508864641e-13,
        -4.547473508864641e-13,
        -4.547473508864641e-13,
        0.0,
        0.0,
        -6.821210263296962e-13,
        -2.2737367544323206e-13,
        -2.2737367544323206e-12,
        -4.547473508864641e-13,
        9.094947017729282e-13,
        -4.547473508864641e-13,
        -9.094947017729282e-13,
        0.0,
        0.0,
        -1.8189894035458565e-12
      ],